"Brand","Number"
"Jameson","10"
"Lucky Strike","2"
"Partagas","4"
"Barolo","0"
"Laurent Perrier","1"
"Chivas","26"
"After Eight","4"
"Mozart","7"
"Guerlain","301"
"L'Occitane en Provence","84"
"Fortnum & Mason","2"
"Epicuure","0"
"Jim Beam","12"
"Baileys","11"
"Famous Grouse","4"
"Johnnie Walker","25"
"DANZKA","10"
"Camus","16"
"Taittinger","1"
"Veuve Clicquot","6"
"Castelgiocondo","0"
"Pommery","0"
"Bottega","55"
"Louis Roederer","17"
"Laroche","7"
"Louis Jadot","17"
"Moet & Chandon","3"
"Freixenet","5"
"Dr.Loosen","3"
"Luce","3"
"Luce Della Vite","3"
"Ornellaia","3"
"Blue Nun","14"
"Henkell","4"
"Baron de Ley","22"
"Baron Philippe de Rothschild","22"
"Masi","15"
"Vina Sena","1"
"Hugel","2"
"Torres","20"
"Dom Perignon","2"
"Dior","557"
"Chloe","47"
"Versace","100"
"Burberry","63"
"Dolce & Gabbana","110"
"Gucci","99"
"Kenzo","54"
"Tom Ford","78"
"Roberto Cavalli","28"
"Lancome","404"
"DKNY","70"
"Cacharel","16"
"Hermes","67"
"Paco Rabanne","56"
"Balenciaga","4"
"Sisley","235"
"S.Ferragamo","12"
"Bvlgari","140"
"Givenchy","259"
"Valentino","15"
"Carolina Herrera","24"
"Yves Saint Laurent","341"
"Bottega Veneta","55"
"Eisenberg","54"
"Biotherm","110"
"Clarins","309"
"Kanebo","11"
"Shiseido","221"
"Clinique","254"
"Helena Rubinstein","39"
"Agatha Ruiz de la Prada","0"
"L'Oreal","185"
"Gordon's","4"
"Jagermeister","9"
"Captain Morgan","4"
"Nikka","6"
"Hendricks","2"
"Di Saronno","2"
"Jack Daniel's","15"
"Wild Turkey","10"
"Otard","0"
"Asbach","4"
"Freihof","0"
"Woodford","3"
"Aberfeldy","2"
"Amarula","4"
"Haig","1"
"Bowmore","6"
"Bruichladdich","4"
"Ciroc","1"
"Alexander","1"
"M&M's","15"
"Niederegger","11"
"Nestle","13"
"Reber","8"
"Anthon Berg","21"
"Godiva","26"
"Fazer","21"
"Guylian","21"
"Starbrook","5"
"Amari","4"
"Perla","0"
"Kusmi Tea","22"
"Edouard Artzner","0"
"Terramezzo","10"
"L'Himalayen","0"
"Borgo de Medici","7"
"Compagnia dell'Arabica","0"
"Il Boschetto","2"
"Meukow","12"
"Glenlivet","7"
"Metaxa","6"
"Finlandia","17"
"Sierra","8"
"Martini","15"
"Mars","7"
"Maltesers","0"
"Marc Jacobs","58"
"Hennessy","12"
"L&M","0"
"Ferrero","8"
"Toblerone","37"
"Archers","1"
"Beefeater","5"
"Bulleit","2"
"Cardhu","1"
"Chymos","1"
"Fussigny","2"
"Grey Goose","6"
"Oban","2"
"Penfolds","1"
"Talisker","4"
"Teeling","3"
"Tullamore Dew","5"
"Montecillo","3"
"Château","2"
"Bacardi","20"
"Cointreau","6"
"Courvoisier","10"
"El Coto de Imaz","3"
"Havana Club","6"
"First Guild","0"
"Hlibny Dar","8"
"Mondoro","3"
"Olmeca","6"
"Estée Lauder","202"
"Sensai","116"
"La Prairie","71"
"Absolut","23"
"Auchentoshan","2"
"Cinzano","6"
"J&B","0"
"Nemiroff","23"
"Staritsky Levitsky","6"
"Ballantine's","17"
"Concha y Toro","3"
"Guess","33"
"Tiffany&Co","1"
"Red Bull","1"
"Polaroid","61"
"Ray Ban","166"
"Travel Blue","49"
"Cellular Line","40"
"Sony","63"
"GoPro","16"
"Design Go","25"
"JBL","0"
"Innergie","31"
"X-torm","5"
"Disney","27"
"Barbie","25"
"SAMSONITE","0"
"Maisto","11"
"BRIO","43"
"Victoria’s Secret","28"
"Vogue","42"
"Pall Mall","4"
"Davidoff","80"
"DUNHILL","5"
"ROMEO Y JULIETA","6"
"Cafe Creme","5"
"Calvin Klein","82"
"Martell","9"
"Glenmorangie","7"
"Stolichnaya","7"
"Matua Valley","1"
"Riga Black Balsam","2"
"Drambuie","3"
"Lindt","50"
"Lacoste","28"
"Lanvin","7"
"Balvenie","6"
"Glenfiddich","14"
"La Mer","30"
"Sennheiser","21"
"Sospiri","3"
"Linda Farrow","23"
"Smirnoff","9"
"Mattel","4"
"Lagavulin","3"
"Bushmills","8"
"Black Velvet","24"
"Macallan","0"
"Kappa","0"
"Moschino","27"
"Elizabeth Arden","81"
"Parliament","16"
"XUXU","0"
"Boss","369"
"Armani","596"
"Prada","99"
"Kozatska Rada","7"
"Tavria","3"
"Becherovka","2"
"Sauza","1"
"J. P. Chenet","4"
"Lancaster","25"
"Chevalier","1"
"Saint-Remy","2"
"Antinori","6"
"Casteltorre","1"
"Badagoni","1"
"Canadian Club","2"
"Highland Park","5"
"Laphroaig","3"
"Grant's","8"
"Whyte & Mackay","2"
"Sidney Frank Importing Co","0"
"Khortytsya","6"
"Borco","0"
"Calvados Boulard","4"
"Remy Martin","10"
"Vana Tallinn","5"
"Villa Massa","5"
"Philip Morris International","0"
"Lorilard Tobacco Company","0"
"British American Tobacco Ukraine","2"
"Japan Tobacco International","0"
"Champagne Drappier","17"
"British American Tobacco","2"
"Haribo","23"
"Nina Ricci","28"
"X-Rated","1"
"Ruinart","1"
"Old Pulteney","1"
"Nabisco","0"
"Toffifee","1"
"Marlboro","20"
"Kent","18"
"Camel","7"
"Winston","17"
"Bortolotti","4"
"Major Gunns","1"
"Crown Royal","0"
"Finsbury","3"
"Boulard","1"
"Bombay Sapphire","4"
"Claymore","0"
"Bols","2"
"Woodford Reserve","3"
"Gauloises","9"
"Patron","7"
"Sobranie","11"
"Hine","3"
"Napoleon","2"
"White Horse","15"
"Beluga","12"
"Russian Standard","15"
"BlaVod","1"
"Akdov","1"
"Old Kazan","1"
"Khanskaya","8"
"Graf Ledoff","1"
"Malibu","3"
"Sheridan's","2"
"Miraval","1"
"Kinder","23"
"Staroplzenecky","0"
"Biagi","0"
"Russian Caviar House","15"
"Chanel","429"
"Isle of Jura","5"
"Swarovski","136"
"Oilily","91"
"Wrigley's","15"
"Albert Bichot","6"
"Dalmore","6"
"Aberlour","5"
"King Robert","3"
"Green Mark","4"
"Bisguit","0"
"Bisquit","7"
"Godet","4"
"LEGO","94"
"Sweety","0"
"Playmobil","36"
"Nici","46"
"Taina Smily","2"
"Offley ","1"
"Pott","1"
"Monkey Shoulder","2"
"Sandeman","4"
"Teacher's","2"
"Campari","3"
"Zacapa","2"
"Boris Jelzin","8"
"Dauphin","0"
"Dupeyron","0"
"MacArthur's","1"
"Mateus","3"
"Peter Mertes","1"
"Rada","1"
"Roederer","0"
"Pallini","0"
"Mentos","10"
"Chupa Chups","8"
"Ritter","26"
"The Body Shop","55"
"Frapin","1"
"Janneau","4"
"Bardinet","2"
"Glenfarclas","3"
"Bell's","0"
"Montezuma","0"
"Pueblo","2"
"Marlborough","0"
"Stock","2"
"Ron Zacapa","2"
"Underberg","2"
"Absente","2"
"Di Amore","0"
"Graham's","2"
"Cerruti ","0"
"WWF","0"
"Silhouette","19"
"Royal Park","6"
"Ardbeg","0"
"Hibiki","1"
"Singleton","3"
"Brogans","3"
"Mangaroca","0"
"De Kuyper","3"
"Eckes","1"
"Lapponia","2"
"Nannerl","1"
"Montblanc","100"
"Paolina","1"
"Verpoorten","3"
"Wild Africa","10"
"Frescobaldi","5"
"Ruffino","2"
"Danzante","1"
"Tommasi","9"
"Bach","1"
"Rioja Bordon","1"
"Marques de Caceres","4"
"Marqués de Riscal","0"
"Mirabell","5"
"Narciso Rodriguez","22"
"Pittjes","14"
"Oreo","9"
"Daim","3"
"KitKat","14"
"Leibniz","4"
"Lorenz","12"
"Spartak","13"
"Kommunarka","0"
"Belalco","0"
"Slodych","0"
"Krasny pischevik","0"
"Minsk Kristall","0"
"Heritage of Belarus","0"
"Bulbash","10"
"PershachOk","0"
"Faustino","5"
"Skittles","2"
"Belarusian flax","0"
"Admiral Husso","0"
"Louis Eschenauer","17"
"Bersano","2"
"Illy","4"
"Twinings","19"
"Van Cleef & Arpels","6"
"Beats","22"
"Beurer","16"
"Remington","25"
"R1","0"
"West","11"
"Flor de Caña","1"
"Nederburg","4"
"Milka","26"
"Leonidas","2"
"Moroccanoil","30"
"Talika","17"
"Prunotto","2"
"Planeta ","3"
"Escada","17"
"Hideez","0"
"Shaik ","3"
"Escentric Molecules","18"
"Atelier Cologne","24"
"Ormonde Jayne","15"
"Atkinsons","7"
"Golden Gate","6"
"Muratti","1"
"Reemtsma","1"
"Superkings","3"
"SAVALAN","6"
"HAYAT","1"
"Qebele","1"
"Gold Baku","10"
"Azercay","20"
"Parliament Vodka","16"
"Rasputin Vodka","2"
"Lambert & Butler","2"
"Roberto Cavalli Vodka","28"
"Reyka","1"
"Skyy Vodka","3"
"Talka","2"
"Vikingfjord","1"
"White Gold Vodka","15"
"Yeni Rakı","1"
"Gitanes","1"
"Glengoyne","4"
"Casillero del Diablo","4"
"Marques de Casa Concha","4"
"Braastad","4"
"Ascott Brandy","1"
"Mr Jekyll","0"
"Dooley's","0"
"Fernet-Branca","2"
"Branca-Menta","0"
"Heering","0"
"Kahlua","0"
"Hillside","6"
"Nazli","3"
"Pilsner Urquell","1"
"Mamont Vodka","1"
"Baikal Vodka","8"
"Belenkaya Vodka","1"
"Legend of Kremlin","7"
"Pyrat","1"
"Holsten","1"
"Jose Cuervo","3"
"Coca-Cola","2"
"Kremlin Award","3"
"Guinness","0"
"Zver Vodka","1"
"Hardy Cognac","2"
"Babaevsky","2"
"Rot Front","1"
"Red Gold","6"
"BonAqua","2"
"Krasny Oktyabr","0"
"JP Chenet","0"
"Santiago de Cuba","2"
"Pere Magloire","2"
"Midori","1"
"Osborne","4"
"Passoa","2"
"Pisang Ambon","2"
"Appleton","3"
"El Doradо","0"
"Tequila Herradura","3"
"Mancera","56"
"K by Kilian","0"
"Serge Lutens","24"
"Memo","6"
"Moresque","6"
"Byredo","18"
"Gorkunov","0"
"London Hill","3"
"Tanqueray","3"
"Amber Gold Vodka","5"
"Alba Lupa","1"
"Belvedere","3"
"Crystal Head","3"
"Egge Gard","1"
"Fjodor","1"
"Kauffman Vodka","1"
"Moskovskaya Wodka","3"
"Pernod Ricard","1"
"Dewar's","3"
"Dimple","1"
"Dourthe","0"
"Dalwhinnie","2"
"Hermitage","0"
"Chateau Margaux","44"
"Chateau d’Yquem","44"
"Chateau Haut-Mouleyre","44"
"Caliterra","3"
"Cheval Noir","2"
"Chateau Talbot","44"
"Chateau Cantemerle","44"
"Chateau Lascombes","44"
"Chateau de Lamarque","44"
"Chateau du Cartillon","44"
"Chateau Lestage-Simon","44"
"Chateau Palmer","44"
"Chateau Petrus","44"
"Chateau Pey La Tour","44"
"Royal Salute","6"
"Duc de la Salle","0"
"Chateau L'Enclos","44"
"Chateau d'Esclans","44"
"Carruades de Lafite","1"
"Chateau Faizeau","44"
"Gallo Family","9"
"Guy Saget","3"
"Glen Parker","8"
"Hardys","8"
"Gaja","5"
"Nino Cerruti","0"
"Söhnlein","0"
"Sassicaia","0"
"Yellow Tail","5"
"Hankey Bannister","2"
"Kalfany","12"
"Lion","2"
"Jacob's Creek","4"
"Lambrusco","1"
"Lauder's","4"
"G.H. Mumm","2"
"Maker's Mark","1"
"Robert Mondavi","2"
"Tenuta dell'Ornellaia","3"
"Clos Mireille","1"
"Opus One","1"
"Pasquier Desvignes","1"
"Rupert & Rothschild","2"
"Protos","3"
"Cavendish & Harvey","9"
"Cadbury","10"
"Cote d'Or","3"
"Feodora","4"
"Galaxy","9"
"Quality Street","1"
"Storck","3"
"Glen Grant","8"
"Rothmans","2"
"AVK Confectionery","1"
"Hello Kitty","21"
"Kelsen","2"
"Bahlsen","3"
"Windel","1"
"Pringles","15"
"Skross","4"
"Kirsberry","1"
"Glamour","3"
"Tchibo","6"
"Montecristo","16"
"Wratislavia","1"
"Badel","1"
"Two Oceans","1"
"Ulric de Varens","10"
"Grand Sud","4"
"Smarties","5"
"Antonio Banderas","11"
"Issey Miyake","35"
"Borisfen","2"
"Piper-Heidsieck","4"
"Jatone","2"
"Zlatogor","0"
"Medley's","1"
"John Barr","5"
"James Bond","2"
"Bolchoj","5"
"Furst Potemkin","2"
"Blossom Hill","5"
"Jacqueline","1"
"Menestrello","1"
"Peter Lehmann","1"
"Schlumberger","1"
"Zonin","2"
"Chatelle","2"
"Delamain","1"
"Paramount","2"
"LD","0"
"Monte Carlo","4"
"Dubliss","2"
"Ashima","1"
"Lambretta","11"
"Belkin","26"
"ArArAt","9"
"Berentzen","3"
"Brugal","1"
"Czar's","9"
"Fonte Al Cerro","1"
"Kindzmarauli","1"
"Kremlevka","4"
"Organika","6"
"Domaines Ott","5"
"Tbilvino","11"
"Barton & Guestier","23"
"Montale","40"
"Budweiser","2"
"Krombacher","1"
"Lvivske","3"
"Khlibna Polovynka","2"
"Perepelka","1"
"Pervak","4"
"Celsius","1"
"Athenos","1"
"Akashi","1"
"Chita","1"
"Connemara","3"
"Togouchi","1"
"Yamazakura","1"
"Koskenkorva","6"
"KAH","0"
"Single Cane","2"
"Kraken","1"
"Abtshof","0"
"Diana","2"
"Minttu","3"
"Chateau Cheval Blanc","44"
"Chateau Haut-Brion","44"
"Cusumano","2"
"Tinto Pesquera","0"
"Jinzu","1"
"Krimart","2"
"Tic Tac","4"
"William Lawson’s","3"
"Kweichow Moutai","1"
"Molinari","1"
"Feeney’s","2"
"Chateau Laroque","44"
"Kupferberg","1"
"Condor","0"
"Elie Saab","16"
"Melitta","1"
"Holiday","1"
"Safari","1"
"Old Pascas","2"
"OUZO 12","1"
"Pimm's","1"
"Heaven Hill","1"
"Kilbeggan","2"
"Tchibo Davidoff","6"
"Greenalls","1"
"E&J Gallo","1"
"Fossil","167"
"Festina","27"
"Coeur De Lion","61"
"Daniel Wellington","40"
"Skagen","102"
"Frederique Constant","26"
"Diesel","36"
"TAG Heuer","3"
"Michael Kors","70"
"Tumi","84"
"Tiziana Terenzi","11"
"Amouage","31"
"Medinet","1"
"M.Micallef","13"
"Xerjoff","26"
"Majda Bekkali","9"
"Alexandre.J","10"
"Pupa","87"
"Sospiro","8"
"Xtorm","15"
"Hama","1"
"Giovanni","33"
"Artdeco","92"
"Cohiba","12"
"Tiedemanns","2"
"H. Upmann","1"
"Moods","1"
"Jose L Piedra","3"
"Orlik","2"
"State Express 555","1"
"Mac Baren","1"
"W.O. Larsen","2"
"Hoyo de Monterrey","1"
"Carrera","16"
"Celine","36"
"IC Berlin","2"
"Maui Jim","65"
"Persol","15"
"Rituals","71"
"La Organic","1"
"Bounty","3"
"Adler","0"
"Al Rifai","13"
"Baratti & Milano","12"
"Bassett's","0"
"Bergkraft","3"
"Bergwild","2"
"Brookside","0"
"Cartwright & Butler","2"
"Celebrations","2"
"ChocoMe","5"
"Chocolaterie Bruntz","0"
"Cipriani","0"
"Dantesse","0"
"Duc d'O","5"
"Fauchon","14"
"Favarger","0"
"Italian Giftboxes","1"
"J.G.Kemm","0"
"LINDT Diva","0"
"Meica","0"
"Michelsen","0"
"Minions","14"
"Mussini","5"
"Neuhaus","10"
"Nutella","4"
"Old Commercial","0"
"Reese's","0"
"Reypenaer","3"
"Ricola","0"
"Sal de Ibiza","3"
"Speicher & Consorten","0"
"The East India Company","5"
"Trolls","1"
"Twix","2"
"Unique Concept","0"
"Urbani","8"
"Valrhona","0"
"Wolf","0"
"Zimmermann","0"
"Quai Sud","1"
"Mademoiselle de Margaux","5"
"Dolce Vita","110"
"Frozen","13"
"Bache-Gabrielsen","2"
"De Luze","1"
"Gautier","3"
"Larsen","3"
"Louis Royer","17"
"Prince Polignac","1"
"Renault Cognac","1"
"Soerlie Cognac","2"
"Frangelico","1"
"Grand Marnier","4"
"Galliano","1"
"Irish Mist","2"
"Lillet","1"
"Southern Comfort","1"
"Tia Maria","1"
"Stroh","2"
"Nonino","3"
"Grasovka","1"
"Lagoda","0"
"Pitu","1"
"Bunnahabhain","2"
"Hot Wheels","17"
"Shabo","3"
"Strathisla","1"
"Matusalem","2"
"Villa Maria","5"
"Carolans","1"
"Cune","3"
"Zwack","1"
"Schloss Johannisberg","4"
"Cartier","27"
"Bollinger","3"
"Pascal Jolivet","1"
"Bouchard Pere & Fils","2"
"Thierry Mugler","31"
"Glenrothes","1"
"Old Forester","1"
"Michel Leon","2"
"William Fevre","3"
"Averna","1"
"Miu Miu","37"
"Sanchez Romate","1"
"Dalla Costa","2"
"Da Vinci","1"
"Lanson","2"
"Domane Wachau","1"
"Cufrol","1"
"Caol Ila","1"
"Traou","1"
"Pick","1"
"Gonzalez Byass","0"
"Cloudy Bay","2"
"Alvaro Palacios","1"
"Zegna","6"
"Famille Perrin","1"
"Marchesi di Barolo","3"
"Mezzorosso","3"
"Lago","2"
"Schloss Vollrads","4"
"Oakley","25"
"Zadig & Voltaire","4"
"My Little Pony","9"
"TY","0"
"Spiegelburg","54"
"Squadra Russa","3"
"Galateo & Friends","2"
"Crayola","14"
"Mega Construx","6"
"Polly Pocket","3"
"Faber-Castell","37"
"Kids World","3"
"Cars","14"
"Star Wars","13"
"Sigikid","29"
"EKC","0"
"Go Travel","13"
"Aiia","1"
"Fresh 'n Rebel","29"
"Amaretto di Antonio","2"
"Rio Grande","1"
"Artemivske","3"
"Attikus","1"
"Ardmore","1"
"Play-Doh","14"
"Zino","5"
"Matchbox","3"
"Hape","32"
"Invisibobble","1"
"Shackleton","1"
"Eduscho","3"
"Scapa","1"
"Champagne Barons de Rothschild","17"
"Biondi Santi","1"
"Ramazzotti","1"
"Bodegas Palacios Remondo","2"
"Almaviva","1"
"Juicy Couture","4"
"Castello Banfi","2"
"Jean Claude Boisset","10"
"Chemin Des Papes","1"
"Saint-Emilion","1"
"Chateau L'Evangile","44"
"Chateau Cap de Faugeres","44"
"Chateau de la Mulonniere","44"
"Pepsi","3"
"Campo Viejo","1"
"Chateau Belgrave","44"
"Chateau d'Aussieres","44"
"Chateau Ferrande","44"
"Chateau Picard","44"
"Chateau de Pez","44"
"Chateau de Santenay","44"
"Chateau Tour de Capet","44"
"Copper Dog","1"
"Chateau Haut-Beausejour","44"
"Chateau d'Yquem","44"
"Gianni Gagliardo","2"
"Bodegas Luis Canas","2"
"Marques de Murrieta","4"
"Nicolas Feuillatte","1"
"Tormaresca","1"
"Schwipp Schwapp","0"
"Schwip Schwap","1"
"Parkers","1"
"Los Vascos","1"
"Zenato","1"
"Skullcandy","18"
"DEA ","0"
"Varta","7"
"The Black Grouse","2"
"Viktor & Rolf","11"
"Missoni","6"
"Kilian","13"
"Glen Garioch","8"
"Villiger","10"
"Masaki Matsushima","7"
"Kavalan","2"
"Smokehead","1"
"Four Roses","1"
"Aqua Nordic ","16"
"Morosha","3"
"Black Bottle","24"
"St.Lorenz","1"
"Juliette Has A Gun","19"
"Clive Christian","16"
"Happy Plugs","15"
"Ferrari","36"
"Evervess","1"
"7 Up","1"
"Parrot","2"
"Evian","1"
"Glen Deveron","8"
"Domaine De La Baume","8"
"The Macallan","4"
"Five Lakes","1"
"Parfums de Marly ","22"
"White Birch","15"
"Fanta","1"
"Sprite","1"
"Nestea","1"
"Husky","1"
"Chateau Lafite Rothschild","44"
"Chateau de Beaucastel","44"
"El Coto de Rioja","3"
"Taveners","1"
"Carmex","3"
"Domaines Barons de Rothschild","5"
"Dirk Bikkembergs","1"
"Heineken","0"
"Tundra","5"
"Liu Jo","8"
"Roja Dove","2"
"Sternthaler","0"
"Jean Paul Gaultier","10"
"Azzaro","12"
"Britney Spears","3"
"Les Contes","10"
"Ralph Lauren","10"
"Carlos I","1"
"Dsquared2","4"
"Christian Audigier","17"
"Baldessarini","8"
"John Varvatos","5"
"KrimSekt","1"
"Furla","102"
"Chateau Figeac","44"
"Petrykivska","6"
"Loewe","1"
"Manuka Health","4"
"Pj Masks","1"
"Lulu Caty","1"
"Women'Secret","7"
"Ben 10","1"
"Boulevard","8"
"Giorgio Beverly Hills","291"
"Ajmal","17"
"Police","17"
"Replay","4"
"Marina de Bourbon","16"
"Elvan","12"
"ZPC","0"
"Bayara","5"
"Jango","3"
"Tamrah","4"
"Tang","2"
"Siafa","24"
"La Ronda","1"
"Jomara","2"
"Loacker","1"
"Anchor","1"
"Chocodate","1"
"Al Mealim","3"
"Bateel","6"
"Al Shifa","1"
"Al Ajwa","0"
"Al Madinah","1"
"Abdul Samad Al Qurashi","1"
"Arabian Oud","6"
"Hugo Boss","106"
"Mauboussin","5"
"Charriol","2"
"Jimmy Choo","3"
"Jean-Louis Scherrer","4"
"Alfred Dunhill","2"
"Giorgio Armani","291"
"S.T. Dupont","3"
"Hershey's","3"
"Chiko","7"
"Solen","6"
"Arcor","3"
"Snickers","3"
"BLOONZY","5"
"Nadiya","1"
"Nido","0"
"Masha and Bear","1"
"Caron","1"
"Tiffany","40"
"Al Capone","2"
"Agio","2"
"BIP","0"
